family,convergence_rate,avg_iterations,std_iterations,avg_time,std_time
logistic,1.0,7.4,0.5830951894845301,0.7413625717163086,0.2562198321975275
poisson,1.0,19.5,19.4948711203742,1.4663875102996826,1.3502817164073335
gamma,1.0,20.85,13.23735245432409,1.5526792383752763,0.9145599783601565
gaussian,1.0,2.0,0.0,0.2033019671216607,0.020134594522905277
inverse_gaussian,1.0,9.2,9.362691920596339,0.8569792262278497,0.7362516677157978
