scenario,n_samples,n_features,fastglm_time,baseline_time,speedup,pred_diff,winner
"Optimal (n=1000, p=20)",1000,20,2.9900957830250263,1.6302584437653422,0.545219471904689,0.061336264514751736,sklearn
"Medium (n=5000, p=30)",5000,30,18.469783407635987,5.914233229123056,0.32021129314802504,0.03569707262335734,sklearn
"Too small (n=30, p=10)",30,10,1.5849330928176641,0.995974987745285,0.6284019131524723,0.1511817608299393,sklearn
"Too large (n=20000, p=20)",20000,20,57.11845890618861,16.302499920129776,0.2854156122612659,0.022134307041013237,sklearn
"High-dim (n=500, p=200)",500,200,12.953766761347651,2.6415915926918387,0.20392459130683155,0.029456644431718405,sklearn
"p > n (n=100, p=200)",100,200,7.946558273397386,1.6101833432912827,0.2026265067081528,0.022673400382579503,sklearn
Sparse (50% zeros),1000,50,9.75366230122745,3.964004060253501,0.40641186231705506,0.07553128529845748,sklearn
