n_samples,n_features,family,fastglm_time,sklearn_time,speedup
10,20,inverse_gaussian,0.33167097717523575,0.42922908905893564,1.2941412381468513
50,20,inverse_gaussian,0.5461206659674644,1.802059622215373,3.2997462548372636
100,20,inverse_gaussian,0.5303501384332776,3.541870223772195,6.6783620236912435
500,20,inverse_gaussian,0.9114249376580119,3.3123665722087026,3.63427248405132
1000,20,inverse_gaussian,1.1098831659182906,5.266471020877361,4.745067933812664
5000,20,inverse_gaussian,4.66092920396477,22.944633336737752,4.922759461186439
10000,20,inverse_gaussian,7.25157093256712,36.843845690600574,5.080808838969397
20000,20,inverse_gaussian,15.52660409361124,74.04200830496848,4.768718765453334
