n_samples,n_features,family,fastglm_time,sklearn_time,speedup
10,20,gaussian,0.22617916110903025,12.803816585801542,56.60917886077679
50,20,gaussian,0.2682086080312729,0.4179873503744602,1.5584412202225935
100,20,gaussian,0.23355830926448107,0.3514206735417247,1.504637855310797
500,20,gaussian,0.975470757111907,0.48013331834226847,0.49220677794976386
1000,20,gaussian,0.5539042875170708,0.7915331982076168,1.4290071697327718
5000,20,gaussian,2.7894124388694763,2.380875125527382,0.8535400116349696
10000,20,gaussian,4.949429235421121,4.1536374017596245,0.8392154335763956
100000,20,gaussian,47.43364986497909,32.44913760572672,0.6840953141513227
