n_samples,n_features,family,fastglm_time,sklearn_time,speedup
10,20,gaussian,0.20210009533911943,1.3116874964907765,6.490286381556596
50,20,gaussian,0.2047497546300292,0.3652875777333975,1.784068451722693
100,20,gaussian,0.20895032212138176,0.3365582786500454,1.6107095468105315
500,20,gaussian,0.3220624756067991,0.4539748188108206,1.4095861927270008
1000,20,gaussian,0.5460414802655578,0.9923334931954743,1.8173225461056002
5000,20,gaussian,2.178587391972542,2.4408749537542462,1.1203934084756744
10000,20,gaussian,4.0823790011927485,3.819150128401816,0.9355207165444401
20000,20,gaussian,6.65457914583385,6.275625014677644,0.9430536292601684
