n_samples,n_features,family,fastglm_time,sklearn_time,speedup
10,20,gamma,0.5004001781344414,0.4167167004197836,0.8327668906381269
50,20,gamma,1.5181960072368383,10.864270967431366,7.156039744304598
100,20,gamma,1.4016082044690847,7.98307100776583,5.695650883257877
500,20,gamma,1.3826373731717467,7.864366844296455,5.6879460926589385
1000,20,gamma,1.773983403109014,10.449875122867525,5.890627333126951
5000,20,gamma,4.889470827765763,38.09794601984322,7.791834200849916
10000,20,gamma,6.923137535341084,61.90634162630886,8.941948836100785
20000,20,gamma,12.936608213931322,113.39634708646271,8.765539251961512
