scenario,fastglm_time,baseline_time,winner,speedup_factor
High-dimensional (p>n),5.2310250932350755,8.26080406550318,FastGLM,0.6332343742517327
Very large (n=50000),52.104707807302475,15.785624971613288,sklearn,3.3007693962703706
L1 regularization,15.116583090275526,6.721625104546547,sklearn,2.2489476659521785
