n_samples,n_features,family,fastglm_time,sklearn_time,speedup
10,20,logistic,1.7309499671682715,1.5665499493479729,0.9050232410303303
50,20,logistic,1.7091167159378529,1.272308430634439,0.7444245432567069
100,20,logistic,1.596683356910944,1.4656875748187304,0.9179575702814068
500,20,logistic,1.1296417564153671,1.6009459272027016,1.4172156067273036
1000,20,logistic,1.3399372575804591,1.8031499814242125,1.3456973236793057
5000,20,logistic,4.274291847832501,4.781683371402323,1.1187077395819665
10000,20,logistic,8.755962504073977,7.739433622919023,0.8839043816505628
100000,20,logistic,128.93977481871843,81.43557882867754,0.6315784166923749
