family,convergence_rate,avg_iterations,std_iterations,avg_time,std_time
logistic,1.0,7.4,0.5830951894845301,0.6955081014893949,0.11297327007799873
poisson,1.0,19.5,19.4948711203742,1.448714581783861,1.306024885854486
gamma,1.0,20.85,13.23735245432409,1.531854085624218,0.921021973474077
gaussian,1.0,2.0,0.0,0.20386883988976479,0.02570544205170205
inverse_gaussian,1.0,9.2,9.362691920596339,0.8279644185677171,0.7426353367386477
