scenario,n_samples,n_features,fastglm_time,baseline_time,speedup,pred_diff,winner
"Optimal (n=1000, p=20)",1000,20,3.2094874884933233,7.8775165835395455,2.4544468896613783,0.061336264514751736,FastGLM
"Medium (n=5000, p=30)",5000,30,13.942425046116114,4.462479148060083,0.3200647759123639,0.03569707262335734,sklearn
"Too small (n=30, p=10)",30,10,1.5635457122698426,0.8188665146008134,0.5237240639495229,0.1511817608299393,sklearn
"Too large (n=100000, p=20)",100000,20,303.0590838752687,85.57529118843377,0.2823716421701266,0.012778898256578505,sklearn
"High-dim (n=500, p=200)",500,200,10.800758306868374,3.6203041905537248,0.33518981609388626,0.029456644431718405,sklearn
"p > n (n=100, p=200)",100,200,8.735445840284228,1.4681208413094282,0.16806478663505278,0.022673400382579503,sklearn
Sparse (50% zeros),1000,50,9.59343328140676,2.697183354757726,0.28114891464197656,0.07553128529845748,sklearn
