n_samples,family,mean_prediction_diff,max_prediction_diff,std_prediction_diff
100,logistic,0.05027846646788862,0.061773210775593,0.013717527862772035
500,logistic,0.009656704125313937,0.019401365143923315,0.005394709232694915
1000,logistic,0.003802506185618106,0.006809509897114726,0.0016888172646917531
5000,logistic,0.0007067051270531566,0.000876646105558314,0.0001264167215988369
