n_samples,n_features,family,fastglm_time,sklearn_time,speedup
10,20,poisson,1.598491589538753,3.3338126493617892,2.085599118055895
50,20,poisson,0.46434178948402405,2.308033360168338,4.970548446076803
100,20,poisson,0.4284333670511842,2.3419538512825966,5.466319926017357
500,20,poisson,0.5426039919257164,3.7563291378319263,6.92278198046537
1000,20,poisson,0.8289749035611749,5.858541675843298,7.067212349464042
5000,20,poisson,2.752987388521433,23.427345813252032,8.509790459241561
10000,20,poisson,5.133812688291073,58.465028973296285,11.388227916191843
100000,20,poisson,69.97710398864001,1374.4634500006214,19.64161663826142
