n_samples,n_features,family,fastglm_time,sklearn_time,speedup
10,20,logistic,2.2830333560705185,2.058012457564473,0.9014377525813535
50,20,logistic,1.7460916889831424,1.2492125388234854,0.7154335288950258
100,20,logistic,1.5894583659246564,1.4705083100125194,0.9251631508806847
500,20,logistic,1.1386540718376637,1.5904000960290432,1.3967368451616835
1000,20,logistic,1.3739750487729907,1.949370582588017,1.4187816469657692
5000,20,logistic,4.52391670551151,4.9590542912483215,1.0961860295099335
10000,20,logistic,8.897858299314976,7.691070879809558,0.8643732706331899
20000,20,logistic,16.596504184417427,14.712120848707855,0.8864590208413389
