n_samples,n_features,family,fastglm_time,sklearn_time,speedup
10,20,inverse_gaussian,0.35737918224185705,0.5210126284509897,1.457870671656508
50,20,inverse_gaussian,0.5850833840668201,1.8189404758491687,3.1088568320057344
100,20,inverse_gaussian,0.5671832710504532,2.1595185519092612,3.807444017010092
500,20,inverse_gaussian,0.9187540970742702,3.3713917480781674,3.669525674839664
1000,20,inverse_gaussian,1.141208247281611,5.2944793831557035,4.63936305732744
5000,20,inverse_gaussian,4.2492290725931525,21.423533488996327,5.041745955089757
10000,20,inverse_gaussian,7.532904297113419,35.674641537480056,4.735841599786479
100000,20,inverse_gaussian,96.39185820706189,410.3439624654129,4.25703965146042
