scenario,fastglm_time,baseline_time,winner,speedup_factor
High-dimensional (p>n),4.350316687487066,1.7251375131309032,sklearn,2.5217216913866762
Very large (n=50000),33.11583399772644,10.05312497727573,sklearn,3.294083588195918
L1 regularization,10.023374808952212,4.3088330421596766,sklearn,2.3262388472421036
