n_samples,n_features,family,fastglm_time,sklearn_time,speedup
10,20,poisson,3.277908405289054,7.360941707156599,2.2456215357571874
50,20,poisson,0.47064595855772495,2.406479138880968,5.113140982354388
100,20,poisson,0.46807501930743456,2.3879832355305552,5.101710488767001
500,20,poisson,0.6120624952018261,4.013445624150336,6.557248084326605
1000,20,poisson,0.797870708629489,6.061520637013018,7.597121402570295
5000,20,poisson,2.862908598035574,23.893704148940742,8.345954238754166
10000,20,poisson,5.263991490937769,60.96062476281077,11.580684518156536
20000,20,poisson,9.640854154713452,280.2916789893061,29.07332426061755
