n_samples,n_features,family,fastglm_time,sklearn_time,speedup
10,20,gamma,0.49997088499367237,0.42767911218106747,0.8554080347828258
50,20,gamma,1.5071917092427611,10.69231666624546,7.09419817046198
100,20,gamma,1.3118791161105037,7.330291485413909,5.587627240493746
500,20,gamma,1.0435622883960605,6.9162126164883375,6.627503401946857
1000,20,gamma,1.2761247577145696,9.374700230546296,7.346225495488061
5000,20,gamma,3.780324966646731,33.08003351558,8.750579330465087
10000,20,gamma,6.449608295224607,57.017366657964885,8.840438682172598
100000,20,gamma,86.04156645014882,548.6138123553246,6.376148587127167
